USE [House_Managment]
GO

DELETE FROM [Replenishment]
DELETE FROM [Price]
DELETE FROM [Report]
DELETE FROM [Debt_report]
DELETE FROM [Quality_of_service]
DELETE FROM [Payment]
DELETE FROM [Debt_payment]
DELETE FROM [Receipt]
DELETE FROM [Debt]
DELETE FROM [Service] 
DELETE FROM [Purse]
DELETE FROM [Period]
DELETE FROM [Account]
DELETE FROM [Privileges]
DELETE FROM [Ownership]
DELETE FROM [Owner]
DELETE FROM [Flat]

SET DATEFORMAT dmy

SET IDENTITY_INSERT [Privileges] ON
INSERT [Privileges] ([ID], [Description], [Discount]) VALUES (1,'Ветеран войны', 90)
INSERT [Privileges] ([ID], [Description], [Discount]) VALUES (2,'Герой труда', 80)
INSERT [Privileges] ([ID], [Description], [Discount]) VALUES (3,'Инвалид 3 степени', 70)
INSERT [Privileges] ([ID], [Description], [Discount]) VALUES (4,'Инвалид 2 степени', 60)
INSERT [Privileges] ([ID], [Description], [Discount]) VALUES (5,'Инвалид 1 степени', 50)
INSERT [Privileges] ([ID], [Description], [Discount]) VALUES (6,'Многодетность', 30)
INSERT [Privileges] ([ID], [Description], [Discount]) VALUES (7,'Малоимущий(ая)', 20)
INSERT [Privileges] ([ID], [Description], [Discount]) VALUES (8,'Студент', 15)
INSERT [Privileges] ([ID], [Description], [Discount]) VALUES (9,'Постоянный клиент', 10)
INSERT [Privileges] ([ID], [Description], [Discount]) VALUES (10,'Без скидки', 0)
SET IDENTITY_INSERT [Privileges] OFF

SET IDENTITY_INSERT [Flat] ON
INSERT [Flat] ([ID],Flat_Number,Entrance_Number,House_Number,Street,Area,Number_of_residents, Number_of_owners) VALUES ( 1,30,2,'10','ул. Первомайская',45,3,1)
INSERT [Flat] ([ID],Flat_Number,Entrance_Number,House_Number,Street,Area,Number_of_residents, Number_of_owners) VALUES ( 2,56,3,'17','ул. Первомайская',40,2,2)
INSERT [Flat] ([ID],Flat_Number,Entrance_Number,House_Number,Street,Area,Number_of_residents, Number_of_owners) VALUES ( 3,50,3,'25','ул. Садовая',70,2,1)
INSERT [Flat] ([ID],Flat_Number,Entrance_Number,House_Number,Street,Area,Number_of_residents, Number_of_owners) VALUES ( 4,23,1,'16','ул. Суворова',55,4,2)
INSERT [Flat] ([ID],Flat_Number,Entrance_Number,House_Number,Street,Area,Number_of_residents, Number_of_owners) VALUES ( 5,50,3,'302 бис','ул. Садовая',82,6,3)
INSERT [Flat] ([ID],Flat_Number,Entrance_Number,House_Number,Street,Area,Number_of_residents, Number_of_owners) VALUES ( 6,81,3,'10','ул. Первомайская',38,2,2)
INSERT [Flat] ([ID],Flat_Number,Entrance_Number,House_Number,Street,Area,Number_of_residents, Number_of_owners) VALUES ( 7,100,4,'25','ул. Садовая',120,8,3)
INSERT [Flat] ([ID],Flat_Number,Entrance_Number,House_Number,Street,Area,Number_of_residents, Number_of_owners) VALUES ( 8,17,1,'57','ул. Первомайская',40,1,2)
INSERT [Flat] ([ID],Flat_Number,Entrance_Number,House_Number,Street,Area,Number_of_residents, Number_of_owners) VALUES ( 9,3,1,'16','ул. Суворова',52,3,2)
INSERT [Flat] ([ID],Flat_Number,Entrance_Number,House_Number,Street,Area,Number_of_residents, Number_of_owners) VALUES (10,42,2,'26','ул. Суворова',55,4,2)
SET IDENTITY_INSERT [Flat] OFF

SET IDENTITY_INSERT [Owner] ON
INSERT [Owner] (ID,Surname,Name,Patronymic) VALUES( 1,'Петров','Александр','Васильевич')
INSERT [Owner] (ID,Surname,Name,Patronymic) VALUES( 2,'Варламов','Дмитрий','Геннадьевич')
INSERT [Owner] (ID,Surname,Name,Patronymic) VALUES( 3,'Семенов','Максим','Александрович')
INSERT [Owner] (ID,Surname,Name,Patronymic) VALUES( 4,'Толстой','Николай','Алексеевич')
INSERT [Owner] (ID,Surname,Name,Patronymic) VALUES( 5,'Пушкин','Александр','Сергеевич')
INSERT [Owner] (ID,Surname,Name,Patronymic) VALUES( 6,'Дмитриев','Алексей','Владимирович')
INSERT [Owner] (ID,Surname,Name) VALUES( 7,'Джамалетдинов','Сеймур')
INSERT [Owner] (ID,Surname,Name) VALUES( 8,'Манукян','Сурен')
INSERT [Owner] (ID,Surname,Name,Patronymic) VALUES( 9,'Долохова','Екатерина','Максимовна')
INSERT [Owner] (ID,Surname,Name,Patronymic) VALUES(10,'Константинов','Роман','Викторович')
SET IDENTITY_INSERT [Owner] OFF

SET IDENTITY_INSERT [Ownership] ON
INSERT [Ownership] (ID,Flat_ID,Owner_ID, Share,Start_Date,Status) VALUES( 1,1,5,100,'24-02-2000','зарегистрирован(а)')
INSERT [Ownership] (ID,Flat_ID,Owner_ID, Share,Start_Date,Status) VALUES( 2,2,4,50,'24-02-2000','зарегистрирован(а)')
INSERT [Ownership] (ID,Flat_ID,Owner_ID, Share,Start_Date,Status) VALUES( 3,3,7,100,'20-01-2003','зарегистрирован(а)')
INSERT [Ownership] (ID,Flat_ID,Owner_ID, Share,Start_Date,Status) VALUES( 4,4,9,50,'13-07-2002','зарегистрирован(а)')
INSERT [Ownership] (ID,Flat_ID,Owner_ID, Share,Start_Date,Status) VALUES( 5,5,1,33,'14-02-2001','арендует')
INSERT [Ownership] (ID,Flat_ID,Owner_ID, Share,Start_Date,Status) VALUES( 6,6,6,50,'25-05-2001','зарегистрирован(а)')
INSERT [Ownership] (ID,Flat_ID,Owner_ID, Share,Start_Date,Status) VALUES( 7,7,8,33,'12-11-2001','арендует')
INSERT [Ownership] (ID,Flat_ID,Owner_ID, Share,Start_Date,Status) VALUES( 8,8,2,50,'01-02-2003','зарегистрирован(а)')
INSERT [Ownership] (ID,Flat_ID,Owner_ID, Share,Start_Date,Status) VALUES( 9,9,3,50,'02-02-2002','зарегистрирован(а)')
INSERT [Ownership] (ID,Flat_ID,Owner_ID, Share,Start_Date,Status) VALUES(10,9,8,50,'20-05-2003','арендует')
INSERT [Ownership] (ID,Flat_ID,Owner_ID, Share,Start_Date,Status) VALUES(11,2,5,50,'23-02-2010','зарегистрирован(а)')
INSERT [Ownership] (ID,Flat_ID,Owner_ID, Share,Start_Date,Status) VALUES(12,4,10,50,'15-06-2001','зарегистрирован(а)')
INSERT [Ownership] (ID,Flat_ID,Owner_ID, Share,Start_Date,Status) VALUES(13,5,2,33,'14-02-2001','арендует')
INSERT [Ownership] (ID,Flat_ID,Owner_ID, Share,Start_Date,Status) VALUES(14,5,3,33,'01-09-2000','зарегистрирован(а)')
INSERT [Ownership] (ID,Flat_ID,Owner_ID, Share,Start_Date,Status) VALUES(15,7,9,33,'10-10-2000','зарегистрирован(а)')
INSERT [Ownership] (ID,Flat_ID,Owner_ID, Share,Start_Date,Status) VALUES(16,7,10,33,'15-02-2002','арендует')
INSERT [Ownership] (ID,Flat_ID,Owner_ID, Share,Start_Date,Status) VALUES(17,6,3,50,'07-04-2002','арендует')
INSERT [Ownership] (ID,Flat_ID,Owner_ID, Share,Start_Date,Status) VALUES(18,8,1,50,'03-09-2003','арендует')
INSERT [Ownership] (ID,Flat_ID,Owner_ID, Share,Start_Date,Status) VALUES(19,10,9,50,'20-07-2001','зарегистрирован(а)')
INSERT [Ownership] (ID,Flat_ID,Owner_ID, Share,Start_Date,Status) VALUES(20,10,10,50,'12-11-2003','арендует')
SET IDENTITY_INSERT [Ownership] OFF

SET IDENTITY_INSERT [Account] ON
INSERT [Account] (ID,Password,Email,Privilege_ID,Registration_Date,Ownership_ID) VALUES (1,'barby123','mail@mail.ru',9,'24-03-2005',20)
INSERT [Account] (ID,Password,Email,Privilege_ID,Registration_Date,Ownership_ID) VALUES (2,'llambo777','gmail@gmail.com',9,'23-07-2005',12)
INSERT [Account] (ID,Password,Email,Privilege_ID,Registration_Date,Ownership_ID) VALUES (3,'555jack555','pikachu@gmail.com',9,'01-05-2005',3)
INSERT [Account] (ID,Password,Email,Privilege_ID,Registration_Date,Ownership_ID) VALUES (4,'qwerty0001','sentinal@ramble.ru',9,'05-05-2005',16)
INSERT [Account] (ID,Password,Email,Privilege_ID,Registration_Date,Ownership_ID) VALUES (5,'dvsdsdqe23','kalyaska@mem.ru',9,'12-06-2005',5)
INSERT [Account] (ID,Password,Email,Privilege_ID,Registration_Date,Ownership_ID) VALUES (6,'vvcdwqewevc123','jem@yandex.ru',6,'13-07-2005',18)
INSERT [Account] (ID,Password,Email,Privilege_ID,Registration_Date,Ownership_ID) VALUES (7,'SADACcasY#123','gendalf@frodo.ring',9,'15-08-2005',17)
INSERT [Account] (ID,Password,Email,Privilege_ID,Registration_Date,Ownership_ID) VALUES (8,'LxRUDe575','micki@yandex.ru',7,'10-10-2005',8)
INSERT [Account] (ID,Password,Email,Privilege_ID,Registration_Date,Ownership_ID) VALUES (9,'LASTDAD228','messi@football.com',10,'29-12-2005',9)
INSERT [Account] (ID,Password,Email,Privilege_ID,Registration_Date,Ownership_ID) VALUES (10,'90905559090','dantes@push.net',10,'09-12-2005',1)
INSERT [Account] (ID,Password,Email,Privilege_ID,Registration_Date,Ownership_ID) VALUES (11,'ascWEQXCqwe','lineika@yandex.ru',10,'12-01-2005',11)
INSERT [Account] (ID,Password,Email,Privilege_ID,Registration_Date,Ownership_ID) VALUES (12,'Qxkn213&xq','primebumble@train.com',10,'10-01-2005',10)
INSERT [Account] (ID,Password,Email,Privilege_ID,Registration_Date,Ownership_ID) VALUES (13,'542135498762','kalibri@gmail.com',10,'15-03-2005',13)
INSERT [Account] (ID,Password,Email,Privilege_ID,Registration_Date,Ownership_ID) VALUES (14,'HKDOQDX_2010','slash@dot.dot',10,'17-03-2005',4)
INSERT [Account] (ID,Password,Email,Privilege_ID,Registration_Date,Ownership_ID) VALUES (15,'kjsdnbc2045','neuronet@grade.com',10,'11-03-2005',15)
INSERT [Account] (ID,Password,Email,Privilege_ID,Registration_Date,Ownership_ID) VALUES (16,'korokolaoasd','trumpcool@ameri.ca',9,'17-12-2005',14)
INSERT [Account] (ID,Password,Email,Privilege_ID,Registration_Date,Ownership_ID) VALUES (17,'denis26532','grayworld@gmail.com',6,'19-02-2005',7)
INSERT [Account] (ID,Password,Email,Privilege_ID,Registration_Date,Ownership_ID) VALUES (18,'ghbdtnrbcf','janifer@label.com',9,'16-04-2005',2)
INSERT [Account] (ID,Password,Email,Privilege_ID,Registration_Date,Ownership_ID) VALUES (19,'4647598lofr','support@mail.ru',9,'18-07-2005',6)
INSERT [Account] (ID,Password,Email,Privilege_ID,Registration_Date,Ownership_ID) VALUES (20,'1212uarllaru12','titanik@yandex.ru',9,'13-08-2005',19)
SET IDENTITY_INSERT [Account] OFF

SET IDENTITY_INSERT [Period] ON
INSERT [Period] (ID, Start, [End]) VALUES (1,'01-01-2000','31-01-2000')
INSERT [Period] (ID, Start, [End]) VALUES (2,'01-02-2000','28-02-2000')
INSERT [Period] (ID, Start, [End]) VALUES (3,'01-03-2000','31-03-2000')
INSERT [Period] (ID, Start, [End]) VALUES (4,'01-04-2000','30-04-2000')
INSERT [Period] (ID, Start, [End]) VALUES (5,'01-05-2000','31-05-2000')
INSERT [Period] (ID, Start, [End]) VALUES (6,'01-06-2000','30-06-2000')
INSERT [Period] (ID, Start, [End]) VALUES (7,'01-07-2000','31-07-2000')
INSERT [Period] (ID, Start, [End]) VALUES (8,'01-08-2000','31-08-2000')
INSERT [Period] (ID, Start, [End]) VALUES (9,'01-09-2000','30-09-2000')
INSERT [Period] (ID, Start, [End]) VALUES (10,'01-10-2000','31-10-2000')
INSERT [Period] (ID, Start, [End]) VALUES (11,'01-11-2000','30-11-2000')
INSERT [Period] (ID, Start, [End]) VALUES (12,'01-12-2000','31-12-2000')
INSERT [Period] (ID, Start, [End]) VALUES (13,'01-01-2001','31-01-2002')
INSERT [Period] (ID, Start, [End]) VALUES (14,'01-02-2001','28-02-2002')
INSERT [Period] (ID, Start, [End]) VALUES (15,'01-03-2001','31-03-2002')
INSERT [Period] (ID, Start, [End]) VALUES (16,'01-04-2001','30-04-2002')
INSERT [Period] (ID, Start, [End]) VALUES (17,'01-05-2001','31-05-2002')
INSERT [Period] (ID, Start, [End]) VALUES (18,'01-06-2001','30-06-2002')
INSERT [Period] (ID, Start, [End]) VALUES (19,'01-07-2001','31-07-2002')
INSERT [Period] (ID, Start, [End]) VALUES (20,'01-08-2001','31-08-2002')
INSERT [Period] (ID, Start, [End]) VALUES (21,'01-09-2001','30-09-2002')
INSERT [Period] (ID, Start, [End]) VALUES (22,'01-10-2001','31-10-2002')
INSERT [Period] (ID, Start, [End]) VALUES (23,'01-11-2001','30-11-2002')
INSERT [Period] (ID, Start, [End]) VALUES (24,'01-12-2001','31-12-2002')
INSERT [Period] (ID, Start, [End]) VALUES (25,'01-01-2002','31-01-2002')
INSERT [Period] (ID, Start, [End]) VALUES (26,'01-02-2002','28-02-2002')
INSERT [Period] (ID, Start, [End]) VALUES (27,'01-03-2002','31-03-2002')
INSERT [Period] (ID, Start, [End]) VALUES (28,'01-04-2002','30-04-2002')
INSERT [Period] (ID, Start, [End]) VALUES (29,'01-05-2002','31-05-2002')
INSERT [Period] (ID, Start, [End]) VALUES (30,'01-06-2002','30-06-2002')
INSERT [Period] (ID, Start, [End]) VALUES (31,'01-07-2002','31-07-2002')
INSERT [Period] (ID, Start, [End]) VALUES (32,'01-08-2002','31-08-2002')
INSERT [Period] (ID, Start, [End]) VALUES (33,'01-09-2002','30-09-2002')
INSERT [Period] (ID, Start, [End]) VALUES (34,'01-10-2002','31-10-2002')
INSERT [Period] (ID, Start, [End]) VALUES (35,'01-11-2002','30-11-2002')
INSERT [Period] (ID, Start, [End]) VALUES (36,'01-12-2002','31-12-2002')
INSERT [Period] (ID, Start, [End]) VALUES (37,'01-01-2000','31-01-2000')
INSERT [Period] (ID, Start, [End]) VALUES (38,'01-02-2000','28-02-2000')
INSERT [Period] (ID, Start, [End]) VALUES (39,'01-03-2000','31-03-2000')
INSERT [Period] (ID, Start, [End]) VALUES (40,'01-04-2000','30-04-2000')
INSERT [Period] (ID, Start, [End]) VALUES (41,'01-05-2000','31-05-2000')
INSERT [Period] (ID, Start, [End]) VALUES (42,'01-06-2000','30-06-2000')
INSERT [Period] (ID, Start, [End]) VALUES (43,'01-07-2000','31-07-2000')
INSERT [Period] (ID, Start, [End]) VALUES (44,'01-08-2000','31-08-2000')
INSERT [Period] (ID, Start, [End]) VALUES (45,'01-09-2000','30-09-2000')
INSERT [Period] (ID, Start, [End]) VALUES (46,'01-10-2000','31-10-2000')
INSERT [Period] (ID, Start, [End]) VALUES (47,'01-11-2000','30-11-2000')
INSERT [Period] (ID, Start, [End]) VALUES (48,'01-12-2000','31-12-2000')
INSERT [Period] (ID, Start, [End]) VALUES (49,'01-01-2003','31-01-2003')
INSERT [Period] (ID, Start, [End]) VALUES (50,'01-02-2003','28-02-2003')
INSERT [Period] (ID, Start, [End]) VALUES (51,'01-03-2003','31-03-2003')
INSERT [Period] (ID, Start, [End]) VALUES (52,'01-04-2003','30-04-2003')
INSERT [Period] (ID, Start, [End]) VALUES (53,'01-05-2003','31-05-2003')
INSERT [Period] (ID, Start, [End]) VALUES (54,'01-06-2003','30-06-2003')
INSERT [Period] (ID, Start, [End]) VALUES (55,'01-07-2003','31-07-2003')
INSERT [Period] (ID, Start, [End]) VALUES (56,'01-08-2003','31-08-2003')
INSERT [Period] (ID, Start, [End]) VALUES (57,'01-09-2003','30-09-2003')
INSERT [Period] (ID, Start, [End]) VALUES (58,'01-10-2003','31-10-2003')
INSERT [Period] (ID, Start, [End]) VALUES (59,'01-11-2003','30-11-2003')
INSERT [Period] (ID, Start, [End]) VALUES (60,'01-12-2003','31-12-2003')
INSERT [Period] (ID, Start, [End]) VALUES (61,'01-01-2004','31-01-2004')
INSERT [Period] (ID, Start, [End]) VALUES (62,'01-02-2004','28-02-2004')
INSERT [Period] (ID, Start, [End]) VALUES (63,'01-03-2004','31-03-2004')
INSERT [Period] (ID, Start, [End]) VALUES (64,'01-04-2004','30-04-2004')
INSERT [Period] (ID, Start, [End]) VALUES (65,'01-05-2004','31-05-2004')
INSERT [Period] (ID, Start, [End]) VALUES (66,'01-06-2004','30-06-2004')
INSERT [Period] (ID, Start, [End]) VALUES (67,'01-07-2004','31-07-2004')
INSERT [Period] (ID, Start, [End]) VALUES (68,'01-08-2004','31-08-2004')
INSERT [Period] (ID, Start, [End]) VALUES (69,'01-09-2004','30-09-2004')
INSERT [Period] (ID, Start, [End]) VALUES (70,'01-10-2004','31-10-2004')
INSERT [Period] (ID, Start, [End]) VALUES (71,'01-11-2004','30-11-2004')
INSERT [Period] (ID, Start, [End]) VALUES (72,'01-12-2004','31-12-2004')
INSERT [Period] (ID, Start, [End]) VALUES (73,'01-01-2005','31-01-2005')
INSERT [Period] (ID, Start, [End]) VALUES (74,'01-02-2005','28-02-2005')
INSERT [Period] (ID, Start, [End]) VALUES (75,'01-03-2005','31-03-2005')
INSERT [Period] (ID, Start, [End]) VALUES (76,'01-04-2005','30-04-2005')
INSERT [Period] (ID, Start, [End]) VALUES (77,'01-05-2005','31-05-2005')
INSERT [Period] (ID, Start, [End]) VALUES (78,'01-06-2005','30-06-2005')
INSERT [Period] (ID, Start, [End]) VALUES (79,'01-07-2005','31-07-2005')
INSERT [Period] (ID, Start, [End]) VALUES (80,'01-08-2005','31-08-2005')
INSERT [Period] (ID, Start, [End]) VALUES (81,'01-09-2005','30-09-2005')
INSERT [Period] (ID, Start, [End]) VALUES (82,'01-10-2005','31-10-2005')
INSERT [Period] (ID, Start, [End]) VALUES (83,'01-11-2005','30-11-2005')
INSERT [Period] (ID, Start, [End]) VALUES (84,'01-12-2005','31-12-2005')
INSERT [Period] (ID, Start, [End]) VALUES (85,'01-01-2006','31-01-2006')
INSERT [Period] (ID, Start, [End]) VALUES (86,'01-02-2006','28-02-2006')
INSERT [Period] (ID, Start, [End]) VALUES (87,'01-03-2006','31-03-2006')
INSERT [Period] (ID, Start, [End]) VALUES (88,'01-04-2006','30-04-2006')
INSERT [Period] (ID, Start, [End]) VALUES (89,'01-05-2006','31-05-2006')
INSERT [Period] (ID, Start, [End]) VALUES (90,'01-06-2006','30-06-2006')
INSERT [Period] (ID, Start, [End]) VALUES (91,'01-07-2006','31-07-2006')
INSERT [Period] (ID, Start, [End]) VALUES (92,'01-08-2006','31-08-2006')
INSERT [Period] (ID, Start, [End]) VALUES (93,'01-09-2006','30-09-2006')
INSERT [Period] (ID, Start, [End]) VALUES (94,'01-10-2006','31-10-2006')
INSERT [Period] (ID, Start, [End]) VALUES (95,'01-11-2006','30-11-2006')
INSERT [Period] (ID, Start, [End]) VALUES (96,'01-12-2006','31-12-2006')
INSERT [Period] (ID, Start, [End]) VALUES (97,'01-01-2007','31-01-2007')
INSERT [Period] (ID, Start, [End]) VALUES (98,'01-02-2007','28-02-2007')
INSERT [Period] (ID, Start, [End]) VALUES (99,'01-03-2007','31-03-2007')
INSERT [Period] (ID, Start, [End]) VALUES (100,'01-04-2007','30-04-2007')
INSERT [Period] (ID, Start, [End]) VALUES (101,'01-05-2007','31-05-2007')
INSERT [Period] (ID, Start, [End]) VALUES (102,'01-06-2007','30-06-2007')
INSERT [Period] (ID, Start, [End]) VALUES (103,'01-07-2007','31-07-2007')
INSERT [Period] (ID, Start, [End]) VALUES (104,'01-08-2007','31-08-2007')
INSERT [Period] (ID, Start, [End]) VALUES (105,'01-09-2007','30-09-2007')
INSERT [Period] (ID, Start, [End]) VALUES (106,'01-10-2007','31-10-2007')
INSERT [Period] (ID, Start, [End]) VALUES (107,'01-11-2007','30-11-2007')
INSERT [Period] (ID, Start, [End]) VALUES (108,'01-12-2007','31-12-2007')
INSERT [Period] (ID, Start, [End]) VALUES (109,'01-01-2008','31-01-2008')
INSERT [Period] (ID, Start, [End]) VALUES (110,'01-02-2008','28-02-2008')
INSERT [Period] (ID, Start, [End]) VALUES (111,'01-03-2008','31-03-2008')
INSERT [Period] (ID, Start, [End]) VALUES (112,'01-04-2008','30-04-2008')
INSERT [Period] (ID, Start, [End]) VALUES (113,'01-05-2008','31-05-2008')
INSERT [Period] (ID, Start, [End]) VALUES (114,'01-06-2008','30-06-2008')
INSERT [Period] (ID, Start, [End]) VALUES (115,'01-07-2008','31-07-2008')
INSERT [Period] (ID, Start, [End]) VALUES (116,'01-08-2008','31-08-2008')
INSERT [Period] (ID, Start, [End]) VALUES (117,'01-09-2008','30-09-2008')
INSERT [Period] (ID, Start, [End]) VALUES (118,'01-10-2008','31-10-2008')
INSERT [Period] (ID, Start, [End]) VALUES (119,'01-11-2008','30-11-2008')
INSERT [Period] (ID, Start, [End]) VALUES (120,'01-12-2008','31-12-2008')
INSERT [Period] (ID, Start, [End]) VALUES (121,'01-01-2009','31-01-2009')
INSERT [Period] (ID, Start, [End]) VALUES (122,'01-02-2009','28-02-2009')
INSERT [Period] (ID, Start, [End]) VALUES (123,'01-03-2009','31-03-2009')
INSERT [Period] (ID, Start, [End]) VALUES (124,'01-04-2009','30-04-2009')
INSERT [Period] (ID, Start, [End]) VALUES (125,'01-05-2009','31-05-2009')
INSERT [Period] (ID, Start, [End]) VALUES (126,'01-06-2009','30-06-2009')
INSERT [Period] (ID, Start, [End]) VALUES (127,'01-07-2009','31-07-2009')
INSERT [Period] (ID, Start, [End]) VALUES (128,'01-08-2009','31-08-2009')
INSERT [Period] (ID, Start, [End]) VALUES (129,'01-09-2009','30-09-2009')
INSERT [Period] (ID, Start, [End]) VALUES (130,'01-10-2009','31-10-2009')
INSERT [Period] (ID, Start, [End]) VALUES (131,'01-11-2009','30-11-2009')
INSERT [Period] (ID, Start, [End]) VALUES (132,'01-12-2009','31-12-2009')
INSERT [Period] (ID, Start, [End]) VALUES (133,'01-01-2010','31-01-2010')
INSERT [Period] (ID, Start, [End]) VALUES (134,'01-02-2010','28-02-2010')
INSERT [Period] (ID, Start, [End]) VALUES (135,'01-03-2010','31-03-2010')
INSERT [Period] (ID, Start, [End]) VALUES (136,'01-04-2010','30-04-2010')
INSERT [Period] (ID, Start, [End]) VALUES (137,'01-05-2010','31-05-2010')
INSERT [Period] (ID, Start, [End]) VALUES (138,'01-06-2010','30-06-2010')
INSERT [Period] (ID, Start, [End]) VALUES (139,'01-07-2010','31-07-2010')
INSERT [Period] (ID, Start, [End]) VALUES (140,'01-08-2010','31-08-2010')
INSERT [Period] (ID, Start, [End]) VALUES (141,'01-09-2010','30-09-2010')
INSERT [Period] (ID, Start, [End]) VALUES (142,'01-10-2010','31-10-2010')
INSERT [Period] (ID, Start, [End]) VALUES (143,'01-11-2010','30-11-2010')
INSERT [Period] (ID, Start, [End]) VALUES (144,'01-12-2010','31-12-2010')
INSERT [Period] (ID, Start, [End]) VALUES (145,'01-01-2011','31-01-2011')
INSERT [Period] (ID, Start, [End]) VALUES (146,'01-02-2011','28-02-2011')
INSERT [Period] (ID, Start, [End]) VALUES (147,'01-03-2011','31-03-2011')
INSERT [Period] (ID, Start, [End]) VALUES (148,'01-04-2011','30-04-2011')
INSERT [Period] (ID, Start, [End]) VALUES (149,'01-05-2011','31-05-2011')
INSERT [Period] (ID, Start, [End]) VALUES (150,'01-06-2011','30-06-2011')
INSERT [Period] (ID, Start, [End]) VALUES (151,'01-07-2011','31-07-2011')
INSERT [Period] (ID, Start, [End]) VALUES (152,'01-08-2011','31-08-2011')
INSERT [Period] (ID, Start, [End]) VALUES (153,'01-09-2011','30-09-2011')
INSERT [Period] (ID, Start, [End]) VALUES (154,'01-10-2011','31-10-2011')
INSERT [Period] (ID, Start, [End]) VALUES (155,'01-11-2011','30-11-2011')
INSERT [Period] (ID, Start, [End]) VALUES (156,'01-12-2011','31-12-2011')
INSERT [Period] (ID, Start, [End]) VALUES (157,'01-01-2012','31-01-2012')
INSERT [Period] (ID, Start, [End]) VALUES (158,'01-02-2012','28-02-2012')
INSERT [Period] (ID, Start, [End]) VALUES (159,'01-03-2012','31-03-2012')
INSERT [Period] (ID, Start, [End]) VALUES (160,'01-04-2012','30-04-2012')
INSERT [Period] (ID, Start, [End]) VALUES (161,'01-05-2012','31-05-2012')
INSERT [Period] (ID, Start, [End]) VALUES (162,'01-06-2012','30-06-2012')
INSERT [Period] (ID, Start, [End]) VALUES (163,'01-07-2012','31-07-2012')
INSERT [Period] (ID, Start, [End]) VALUES (164,'01-08-2012','31-08-2012')
INSERT [Period] (ID, Start, [End]) VALUES (165,'01-09-2012','30-09-2012')
INSERT [Period] (ID, Start, [End]) VALUES (166,'01-10-2012','31-10-2012')
INSERT [Period] (ID, Start, [End]) VALUES (167,'01-11-2012','30-11-2012')
INSERT [Period] (ID, Start, [End]) VALUES (168,'01-12-2012','31-12-2012')
INSERT [Period] (ID, Start, [End]) VALUES (169,'01-01-2013','31-01-2013')
INSERT [Period] (ID, Start, [End]) VALUES (170,'01-02-2013','28-02-2013')
INSERT [Period] (ID, Start, [End]) VALUES (171,'01-03-2013','31-03-2013')
INSERT [Period] (ID, Start, [End]) VALUES (172,'01-04-2013','30-04-2013')
INSERT [Period] (ID, Start, [End]) VALUES (173,'01-05-2013','31-05-2013')
INSERT [Period] (ID, Start, [End]) VALUES (174,'01-06-2013','30-06-2013')
INSERT [Period] (ID, Start, [End]) VALUES (175,'01-07-2013','31-07-2013')
INSERT [Period] (ID, Start, [End]) VALUES (176,'01-08-2013','31-08-2013')
INSERT [Period] (ID, Start, [End]) VALUES (177,'01-09-2013','30-09-2013')
INSERT [Period] (ID, Start, [End]) VALUES (178,'01-10-2013','31-10-2013')
INSERT [Period] (ID, Start, [End]) VALUES (179,'01-11-2013','30-11-2013')
INSERT [Period] (ID, Start, [End]) VALUES (180,'01-12-2013','31-12-2013')
INSERT [Period] (ID, Start, [End]) VALUES (181,'01-01-2014','31-01-2014')
INSERT [Period] (ID, Start, [End]) VALUES (182,'01-02-2014','28-02-2014')
INSERT [Period] (ID, Start, [End]) VALUES (183,'01-03-2014','31-03-2014')
INSERT [Period] (ID, Start, [End]) VALUES (184,'01-04-2014','30-04-2014')
INSERT [Period] (ID, Start, [End]) VALUES (185,'01-05-2014','31-05-2014')
INSERT [Period] (ID, Start, [End]) VALUES (186,'01-06-2014','30-06-2014')
INSERT [Period] (ID, Start, [End]) VALUES (187,'01-07-2014','31-07-2014')
INSERT [Period] (ID, Start, [End]) VALUES (188,'01-08-2014','31-08-2014')
INSERT [Period] (ID, Start, [End]) VALUES (189,'01-09-2014','30-09-2014')
INSERT [Period] (ID, Start, [End]) VALUES (190,'01-10-2014','31-10-2014')
INSERT [Period] (ID, Start, [End]) VALUES (191,'01-11-2014','30-11-2014')
INSERT [Period] (ID, Start, [End]) VALUES (192,'01-12-2014','31-12-2014')
INSERT [Period] (ID, Start, [End]) VALUES (193,'01-01-2015','31-01-2015')
INSERT [Period] (ID, Start, [End]) VALUES (194,'01-02-2015','28-02-2015')
INSERT [Period] (ID, Start, [End]) VALUES (195,'01-03-2015','31-03-2015')
INSERT [Period] (ID, Start, [End]) VALUES (196,'01-04-2015','30-04-2015')
INSERT [Period] (ID, Start, [End]) VALUES (197,'01-05-2015','31-05-2015')
INSERT [Period] (ID, Start, [End]) VALUES (198,'01-06-2015','30-06-2015')
INSERT [Period] (ID, Start, [End]) VALUES (199,'01-07-2015','31-07-2015')
INSERT [Period] (ID, Start, [End]) VALUES (200,'01-08-2015','31-08-2015')
INSERT [Period] (ID, Start, [End]) VALUES (201,'01-09-2015','30-09-2015')
INSERT [Period] (ID, Start, [End]) VALUES (202,'01-10-2015','31-10-2015')
INSERT [Period] (ID, Start, [End]) VALUES (203,'01-11-2015','30-11-2015')
INSERT [Period] (ID, Start, [End]) VALUES (204,'01-12-2015','31-12-2015')
INSERT [Period] (ID, Start, [End]) VALUES (205,'01-01-2016','31-01-2016')
INSERT [Period] (ID, Start, [End]) VALUES (206,'01-02-2016','28-02-2016')
INSERT [Period] (ID, Start, [End]) VALUES (207,'01-03-2016','31-03-2016')
INSERT [Period] (ID, Start, [End]) VALUES (208,'01-04-2016','30-04-2016')
INSERT [Period] (ID, Start, [End]) VALUES (209,'01-05-2016','31-05-2016')
INSERT [Period] (ID, Start, [End]) VALUES (210,'01-06-2016','30-06-2016')
INSERT [Period] (ID, Start, [End]) VALUES (211,'01-07-2016','31-07-2016')
INSERT [Period] (ID, Start, [End]) VALUES (212,'01-08-2016','31-08-2016')
INSERT [Period] (ID, Start, [End]) VALUES (213,'01-09-2016','30-09-2016')
INSERT [Period] (ID, Start, [End]) VALUES (214,'01-10-2016','31-10-2016')
INSERT [Period] (ID, Start, [End]) VALUES (215,'01-11-2016','30-11-2016')
INSERT [Period] (ID, Start, [End]) VALUES (216,'01-12-2016','31-12-2016')
INSERT [Period] (ID, Start, [End]) VALUES (217,'01-01-2017','31-01-2017')
INSERT [Period] (ID, Start, [End]) VALUES (218,'01-02-2017','28-02-2017')
INSERT [Period] (ID, Start, [End]) VALUES (219,'01-03-2017','31-03-2017')
INSERT [Period] (ID, Start, [End]) VALUES (220,'01-04-2017','30-04-2017')
INSERT [Period] (ID, Start, [End]) VALUES (221,'01-05-2017','31-05-2017')
INSERT [Period] (ID, Start, [End]) VALUES (222,'01-06-2017','30-06-2017')
INSERT [Period] (ID, Start, [End]) VALUES (223,'01-07-2017','31-07-2017')
INSERT [Period] (ID, Start, [End]) VALUES (224,'01-08-2017','31-08-2017')
INSERT [Period] (ID, Start, [End]) VALUES (225,'01-09-2017','30-09-2017')
INSERT [Period] (ID, Start, [End]) VALUES (226,'01-10-2017','31-10-2017')
INSERT [Period] (ID, Start, [End]) VALUES (227,'01-11-2017','30-11-2017')
INSERT [Period] (ID, Start, [End]) VALUES (228,'01-12-2017','31-12-2017')
INSERT [Period] (ID, Start, [End]) VALUES (229,'01-01-2018','31-01-2018')
INSERT [Period] (ID, Start, [End]) VALUES (230,'01-02-2018','28-02-2018')
INSERT [Period] (ID, Start, [End]) VALUES (231,'01-03-2018','31-03-2018')
INSERT [Period] (ID, Start, [End]) VALUES (232,'01-04-2018','30-04-2018')
INSERT [Period] (ID, Start, [End]) VALUES (233,'01-05-2018','31-05-2018')
INSERT [Period] (ID, Start, [End]) VALUES (234,'01-06-2018','30-06-2018')
INSERT [Period] (ID, Start, [End]) VALUES (235,'01-07-2018','31-07-2018')
INSERT [Period] (ID, Start, [End]) VALUES (236,'01-08-2018','31-08-2018')
INSERT [Period] (ID, Start, [End]) VALUES (237,'01-09-2018','30-09-2018')
INSERT [Period] (ID, Start, [End]) VALUES (238,'01-10-2018','31-10-2018')
INSERT [Period] (ID, Start, [End]) VALUES (239,'01-11-2018','30-11-2018')
INSERT [Period] (ID, Start, [End]) VALUES (240,'01-12-2018','31-12-2018')
INSERT [Period] (ID, Start, [End]) VALUES (241,'01-01-2019','31-01-2019')
INSERT [Period] (ID, Start, [End]) VALUES (242,'01-02-2019','28-02-2019')
INSERT [Period] (ID, Start, [End]) VALUES (243,'01-03-2019','31-03-2019')
INSERT [Period] (ID, Start, [End]) VALUES (244,'01-04-2019','30-04-2019')
INSERT [Period] (ID, Start, [End]) VALUES (245,'01-05-2019','31-05-2019')
INSERT [Period] (ID, Start, [End]) VALUES (246,'01-06-2019','30-06-2019')
INSERT [Period] (ID, Start, [End]) VALUES (247,'01-07-2019','31-07-2019')
INSERT [Period] (ID, Start, [End]) VALUES (248,'01-08-2019','31-08-2019')
INSERT [Period] (ID, Start, [End]) VALUES (249,'01-09-2019','30-09-2019')
INSERT [Period] (ID, Start, [End]) VALUES (250,'01-10-2019','31-10-2019')
INSERT [Period] (ID, Start, [End]) VALUES (251,'01-11-2019','30-11-2019')
INSERT [Period] (ID, Start, [End]) VALUES (252,'01-12-2019','31-12-2019')
SET IDENTITY_INSERT [Period] OFF

SET IDENTITY_INSERT [Service] ON
INSERT [Service] (ID,Description,Charge_Type,Measure_Unit) VALUES ( 1,'Газ','по счетчику','Кубометр')
INSERT [Service] (ID,Description,Charge_Type,Measure_Unit) VALUES ( 2,'Горячая вода','по счетчику','Кубометр')
INSERT [Service] (ID,Description,Charge_Type,Measure_Unit) VALUES ( 3,'Холодная вода','по счетчику','Кубометр')
INSERT [Service] (ID,Description,Charge_Type,Measure_Unit) VALUES ( 4,'Электричество','по счетчику','КВт*ч')
INSERT [Service] (ID,Description,Charge_Type,Measure_Unit) VALUES ( 5,'Отопление','площадь помешения','Квадратный метр')
INSERT [Service] (ID,Description,Charge_Type) VALUES ( 6,'Капитальный ремонт','постостоянная цена')
INSERT [Service] (ID,Description,Charge_Type,Measure_Unit) VALUES ( 7,'Интернет','по тарифу','Мегабайт')
INSERT [Service] (ID,Description,Charge_Type,Measure_Unit) VALUES ( 8,'Телефон','по тарифу','Минуты')
INSERT [Service] (ID,Description,Charge_Type) VALUES ( 9,'Уборка подъезда','постостоянная цена')
INSERT [Service] (ID,Description,Charge_Type) VALUES (10,'Вывоз мусора','постостоянная цена')
SET IDENTITY_INSERT [Service] OFF

INSERT [Price] (Service_ID,Start_Date,Price_Unit) VALUES (1,'01-01-2000',100)
INSERT [Price] (Service_ID,Start_Date,Price_Unit) VALUES (2,'01-01-2000',250)
INSERT [Price] (Service_ID,Start_Date,Price_Unit) VALUES (3,'01-01-2000',120)
INSERT [Price] (Service_ID,Start_Date,Price_Unit) VALUES (4,'01-01-2000',170)
INSERT [Price] (Service_ID,Start_Date,Price_Unit) VALUES (5,'01-01-2000',10)
INSERT [Price] (Service_ID,Start_Date,Price_Unit) VALUES (6,'01-01-2000',800)
INSERT [Price] (Service_ID,Start_Date,Price_Unit) VALUES (7,'01-01-2000',0.03)
INSERT [Price] (Service_ID,Start_Date,Price_Unit) VALUES (8,'01-01-2000',5)
INSERT [Price] (Service_ID,Start_Date,Price_Unit) VALUES (9,'01-01-2000',200)
INSERT [Price] (Service_ID,Start_Date,Price_Unit) VALUES (10,'01-01-2000',300)

INSERT [Quality_of_service] (Account_ID,Period_ID,Score) VALUES (1,85,5)
INSERT [Quality_of_service] (Account_ID,Period_ID,Score) VALUES (2,85,5)
INSERT [Quality_of_service] (Account_ID,Period_ID,Score) VALUES (3,85,9)
INSERT [Quality_of_service] (Account_ID,Period_ID,Score) VALUES (4,85,8)
INSERT [Quality_of_service] (Account_ID,Period_ID,Score) VALUES (5,85,8)
INSERT [Quality_of_service] (Account_ID,Period_ID,Score) VALUES (6,85,5)
INSERT [Quality_of_service] (Account_ID,Period_ID,Score) VALUES (7,85,10)
INSERT [Quality_of_service] (Account_ID,Period_ID,Score) VALUES (8,85,10)
INSERT [Quality_of_service] (Account_ID,Period_ID,Score) VALUES (9,85,1)
INSERT [Quality_of_service] (Account_ID,Period_ID,Score) VALUES (10,85,7)
INSERT [Quality_of_service] (Account_ID,Period_ID,Score) VALUES (11,86,8)
INSERT [Quality_of_service] (Account_ID,Period_ID,Score) VALUES (12,86,7)
INSERT [Quality_of_service] (Account_ID,Period_ID,Score) VALUES (13,86,8)
INSERT [Quality_of_service] (Account_ID,Period_ID,Score) VALUES (14,86,10)
INSERT [Quality_of_service] (Account_ID,Period_ID,Score) VALUES (15,86,5)
INSERT [Quality_of_service] (Account_ID,Period_ID,Score) VALUES (16,86,5)
INSERT [Quality_of_service] (Account_ID,Period_ID,Score) VALUES (17,86,10)
INSERT [Quality_of_service] (Account_ID,Period_ID,Score) VALUES (18,86,10)
INSERT [Quality_of_service] (Account_ID,Period_ID,Score) VALUES (19,86,8)
INSERT [Quality_of_service] (Account_ID,Period_ID,Score) VALUES (20,86,9)

SET IDENTITY_INSERT [Purse] ON
INSERT [Purse] (ID,Account_ID,Balance) VALUES (1,1,10000)
INSERT [Purse] (ID,Account_ID,Balance) VALUES (2,2,15000)
INSERT [Purse] (ID,Account_ID,Balance) VALUES (3,3,20000)
INSERT [Purse] (ID,Account_ID,Balance) VALUES (4,4,6000)
INSERT [Purse] (ID,Account_ID,Balance) VALUES (5,5,4200)
INSERT [Purse] (ID,Account_ID,Balance) VALUES (6,6,17000)
INSERT [Purse] (ID,Account_ID,Balance) VALUES (7,7,2000)
INSERT [Purse] (ID,Account_ID,Balance) VALUES (8,8,15000)
INSERT [Purse] (ID,Account_ID,Balance) VALUES (9,9,10000)
INSERT [Purse] (ID,Account_ID,Balance) VALUES (10,10,11000)
INSERT [Purse] (ID,Account_ID,Balance) VALUES (11,11,12500)
INSERT [Purse] (ID,Account_ID,Balance) VALUES (12,12,7000)
INSERT [Purse] (ID,Account_ID,Balance) VALUES (13,13,3000)
INSERT [Purse] (ID,Account_ID,Balance) VALUES (14,14,1500)
INSERT [Purse] (ID,Account_ID,Balance) VALUES (15,15,16200)
INSERT [Purse] (ID,Account_ID,Balance) VALUES (16,16,4500)
INSERT [Purse] (ID,Account_ID,Balance) VALUES (17,17,3200)
INSERT [Purse] (ID,Account_ID,Balance) VALUES (18,18,11000)
INSERT [Purse] (ID,Account_ID,Balance) VALUES (19,19,6700)
INSERT [Purse] (ID,Account_ID,Balance) VALUES (20,20,9100)
SET IDENTITY_INSERT [Purse] OFF

INSERT [Replenishment] (Account_of_charge,Sum,Source_of_replenishment,Date_of_replenishment) VALUES (12,1200,'онлайн','12-02-2006')
INSERT [Replenishment] (Account_of_charge,Sum,Source_of_replenishment,Date_of_replenishment) VALUES (1,3000,'онлайн','11-05-2006')
INSERT [Replenishment] (Account_of_charge,Sum,Source_of_replenishment,Date_of_replenishment) VALUES (6,5000,'онлайн','10-03-2006')
INSERT [Replenishment] (Account_of_charge,Sum,Source_of_replenishment,Date_of_replenishment) VALUES (7,200,'банк','23-10-2006')
INSERT [Replenishment] (Account_of_charge,Sum,Source_of_replenishment,Date_of_replenishment) VALUES (13,400,'онлайн','15-08-2006')
INSERT [Replenishment] (Account_of_charge,Sum,Source_of_replenishment,Date_of_replenishment) VALUES (17,700,'банк','09-08-2006')
INSERT [Replenishment] (Account_of_charge,Sum,Source_of_replenishment,Date_of_replenishment) VALUES (10,1200,'онлайн','17-03-2006')
INSERT [Replenishment] (Account_of_charge,Sum,Source_of_replenishment,Date_of_replenishment) VALUES (5,800,'онлайн','04-10-2006')
INSERT [Replenishment] (Account_of_charge,Sum,Source_of_replenishment,Date_of_replenishment) VALUES (8,3000,'онлайн','15-09-2006')
INSERT [Replenishment] (Account_of_charge,Sum,Source_of_replenishment,Date_of_replenishment) VALUES (9,1240,'онлайн','19-07-2006')
INSERT [Replenishment] (Account_of_charge,Sum,Source_of_replenishment,Date_of_replenishment) VALUES (4,6570,'онлайн','03-03-2006')
INSERT [Replenishment] (Account_of_charge,Sum,Source_of_replenishment,Date_of_replenishment) VALUES (12,1250,'банк','02-01-2006')
INSERT [Replenishment] (Account_of_charge,Sum,Source_of_replenishment,Date_of_replenishment) VALUES (19,1900,'онлайн','13-06-2006')
INSERT [Replenishment] (Account_of_charge,Sum,Source_of_replenishment,Date_of_replenishment) VALUES (20,2000,'банк','12-05-2006')
INSERT [Replenishment] (Account_of_charge,Sum,Source_of_replenishment,Date_of_replenishment) VALUES (15,1000,'банк','17-07-2006')
INSERT [Replenishment] (Account_of_charge,Sum,Source_of_replenishment,Date_of_replenishment) VALUES (6,500,'банк','13-04-2006')
INSERT [Replenishment] (Account_of_charge,Sum,Source_of_replenishment,Date_of_replenishment) VALUES (13,300,'онлайн','21-02-2006')
INSERT [Replenishment] (Account_of_charge,Sum,Source_of_replenishment,Date_of_replenishment) VALUES (8,120,'онлайн','31-08-2006')
INSERT [Replenishment] (Account_of_charge,Sum,Source_of_replenishment,Date_of_replenishment) VALUES (2,280,'онлайн','23-02-2006')
INSERT [Replenishment] (Account_of_charge,Sum,Source_of_replenishment,Date_of_replenishment) VALUES (18,300,'онлайн','01-02-2006')

SET IDENTITY_INSERT [Receipt] ON
INSERT [Receipt] (ID, Account_ID,Service_ID,Period_ID,Indication_of_counter) VALUES ( 1, 1,6,85,1)
INSERT [Receipt] (ID, Account_ID,Service_ID,Period_ID,Indication_of_counter) VALUES ( 2, 2,6,85,1)
INSERT [Receipt] (ID, Account_ID,Service_ID,Period_ID,Indication_of_counter) VALUES ( 3, 3,6,85,1)
INSERT [Receipt] (ID, Account_ID,Service_ID,Period_ID,Indication_of_counter) VALUES ( 4, 4,6,85,1)
INSERT [Receipt] (ID, Account_ID,Service_ID,Period_ID,Indication_of_counter) VALUES ( 5, 5,6,85,1)
INSERT [Receipt] (ID, Account_ID,Service_ID,Period_ID,Indication_of_counter) VALUES ( 6, 6,6,85,1)
INSERT [Receipt] (ID, Account_ID,Service_ID,Period_ID,Indication_of_counter) VALUES ( 7, 7,6,85,1)
INSERT [Receipt] (ID, Account_ID,Service_ID,Period_ID,Indication_of_counter) VALUES ( 8, 8,6,85,1)
INSERT [Receipt] (ID, Account_ID,Service_ID,Period_ID,Indication_of_counter) VALUES ( 9, 9,6,85,1)
INSERT [Receipt] (ID, Account_ID,Service_ID,Period_ID,Indication_of_counter) VALUES (10,10,6,85,1)
INSERT [Receipt] (ID, Account_ID,Service_ID,Period_ID,Indication_of_counter) VALUES (11,11,6,85,1)
INSERT [Receipt] (ID, Account_ID,Service_ID,Period_ID,Indication_of_counter) VALUES (12,12,6,85,1)
INSERT [Receipt] (ID, Account_ID,Service_ID,Period_ID,Indication_of_counter) VALUES (13,13,6,85,1)
INSERT [Receipt] (ID, Account_ID,Service_ID,Period_ID,Indication_of_counter) VALUES (14,14,6,85,1)
INSERT [Receipt] (ID, Account_ID,Service_ID,Period_ID,Indication_of_counter) VALUES (15,15,6,85,1)
INSERT [Receipt] (ID, Account_ID,Service_ID,Period_ID,Indication_of_counter) VALUES (16,16,6,85,1)
INSERT [Receipt] (ID, Account_ID,Service_ID,Period_ID,Indication_of_counter) VALUES (17,17,6,85,1)
INSERT [Receipt] (ID, Account_ID,Service_ID,Period_ID,Indication_of_counter) VALUES (18,18,6,85,1)
INSERT [Receipt] (ID, Account_ID,Service_ID,Period_ID,Indication_of_counter) VALUES (19,19,6,85,1)
INSERT [Receipt] (ID, Account_ID,Service_ID,Period_ID,Indication_of_counter) VALUES (20,20,6,85,1)
INSERT [Receipt] (ID, Account_ID,Service_ID,Period_ID,Indication_of_counter) VALUES (21, 5,10,85,1)
INSERT [Receipt] (ID, Account_ID,Service_ID,Period_ID,Indication_of_counter) VALUES (22,13,10,85,1)
INSERT [Receipt] (ID, Account_ID,Service_ID,Period_ID,Indication_of_counter) VALUES (23,16,10,85,1)
INSERT [Receipt] (ID, Account_ID,Service_ID,Period_ID,Indication_of_counter) VALUES (24, 5, 9,85,1)
INSERT [Receipt] (ID, Account_ID,Service_ID,Period_ID,Indication_of_counter) VALUES (25,13, 9,85,1)
INSERT [Receipt] (ID, Account_ID,Service_ID,Period_ID,Indication_of_counter) VALUES (26,16, 9,85,1)
INSERT [Receipt] (ID, Account_ID,Service_ID,Period_ID,Indication_of_counter) VALUES (27, 5, 1,85,5)
INSERT [Receipt] (ID, Account_ID,Service_ID,Period_ID,Indication_of_counter) VALUES (28,13, 1,85,3.2)
INSERT [Receipt] (ID, Account_ID,Service_ID,Period_ID,Indication_of_counter) VALUES (29,16, 1,85,2.6)
INSERT [Receipt] (ID, Account_ID,Service_ID,Period_ID,Indication_of_counter) VALUES (30, 5, 2,85,2.1)
INSERT [Receipt] (ID, Account_ID,Service_ID,Period_ID,Indication_of_counter) VALUES (31,13, 2,85,1.2)
INSERT [Receipt] (ID, Account_ID,Service_ID,Period_ID,Indication_of_counter) VALUES (32,16, 2,85,1.6)
INSERT [Receipt] (ID, Account_ID,Service_ID,Period_ID,Indication_of_counter) VALUES (33, 5, 3,85,2.6)
INSERT [Receipt] (ID, Account_ID,Service_ID,Period_ID,Indication_of_counter) VALUES (34,13, 3,85,1.8)
INSERT [Receipt] (ID, Account_ID,Service_ID,Period_ID,Indication_of_counter) VALUES (35,16, 3,85,2.1)
INSERT [Receipt] (ID, Account_ID,Service_ID,Period_ID,Indication_of_counter) VALUES (36, 5, 4,85,4.2)
INSERT [Receipt] (ID, Account_ID,Service_ID,Period_ID,Indication_of_counter) VALUES (37,13, 4,85,3.7)
INSERT [Receipt] (ID, Account_ID,Service_ID,Period_ID,Indication_of_counter) VALUES (38,16, 4,85,4.1)
INSERT [Receipt] (ID, Account_ID,Service_ID,Period_ID,Indication_of_counter) VALUES (39, 5, 5,85,1)
INSERT [Receipt] (ID, Account_ID,Service_ID,Period_ID,Indication_of_counter) VALUES (40,13, 5,85,1)
INSERT [Receipt] (ID, Account_ID,Service_ID,Period_ID,Indication_of_counter) VALUES (41,16, 5,85,1)
INSERT [Receipt] (ID, Account_ID,Service_ID,Period_ID,Indication_of_counter) VALUES (42, 5, 7,85,9872)
INSERT [Receipt] (ID, Account_ID,Service_ID,Period_ID,Indication_of_counter) VALUES (43,13, 7,85,6540)
INSERT [Receipt] (ID, Account_ID,Service_ID,Period_ID,Indication_of_counter) VALUES (44,16, 7,85,7800)
INSERT [Receipt] (ID, Account_ID,Service_ID,Period_ID,Indication_of_counter) VALUES (45, 5, 8,85,152)
INSERT [Receipt] (ID, Account_ID,Service_ID,Period_ID,Indication_of_counter) VALUES (46,13, 8,85,41)
INSERT [Receipt] (ID, Account_ID,Service_ID,Period_ID,Indication_of_counter) VALUES (47,16, 8,85,37)
INSERT [Receipt] (ID, Account_ID,Service_ID,Period_ID,Indication_of_counter) VALUES (48, 5, 1,86,5.3)
INSERT [Receipt] (ID, Account_ID,Service_ID,Period_ID,Indication_of_counter) VALUES (49,13, 1,86,3.6)
INSERT [Receipt] (ID, Account_ID,Service_ID,Period_ID,Indication_of_counter) VALUES (50,16, 1,86,2.8)
INSERT [Receipt] (ID, Account_ID,Service_ID,Period_ID,Indication_of_counter) VALUES (51, 5, 2,86,2.4)
INSERT [Receipt] (ID, Account_ID,Service_ID,Period_ID,Indication_of_counter) VALUES (52,13, 2,86,1.3)
INSERT [Receipt] (ID, Account_ID,Service_ID,Period_ID,Indication_of_counter) VALUES (53,16, 2,86,1.2)
INSERT [Receipt] (ID, Account_ID,Service_ID,Period_ID,Indication_of_counter) VALUES (54, 5, 3,86,2.3)
INSERT [Receipt] (ID, Account_ID,Service_ID,Period_ID,Indication_of_counter) VALUES (55,13, 3,86,1.6)
INSERT [Receipt] (ID, Account_ID,Service_ID,Period_ID,Indication_of_counter) VALUES (56,16, 3,86,2.0)
INSERT [Receipt] (ID, Account_ID,Service_ID,Period_ID,Indication_of_counter) VALUES (57, 5, 4,86,4.4)
INSERT [Receipt] (ID, Account_ID,Service_ID,Period_ID,Indication_of_counter) VALUES (58,13, 4,86,2.7)
INSERT [Receipt] (ID, Account_ID,Service_ID,Period_ID,Indication_of_counter) VALUES (59,16, 4,86,3.1)
INSERT [Receipt] (ID, Account_ID,Service_ID,Period_ID,Indication_of_counter) VALUES (60, 5, 5,86,1)
INSERT [Receipt] (ID, Account_ID,Service_ID,Period_ID,Indication_of_counter) VALUES (61,13, 5,86,1)
INSERT [Receipt] (ID, Account_ID,Service_ID,Period_ID,Indication_of_counter) VALUES (62,16, 5,86,1)
INSERT [Receipt] (ID, Account_ID,Service_ID,Period_ID,Indication_of_counter) VALUES (63, 5, 6,86,1)
INSERT [Receipt] (ID, Account_ID,Service_ID,Period_ID,Indication_of_counter) VALUES (64,13, 6,86,1)
INSERT [Receipt] (ID, Account_ID,Service_ID,Period_ID,Indication_of_counter) VALUES (65,16, 6,86,1)
INSERT [Receipt] (ID, Account_ID,Service_ID,Period_ID,Indication_of_counter) VALUES (66, 5, 7,86,7890)
INSERT [Receipt] (ID, Account_ID,Service_ID,Period_ID,Indication_of_counter) VALUES (67,13, 7,86,5420)
INSERT [Receipt] (ID, Account_ID,Service_ID,Period_ID,Indication_of_counter) VALUES (68,16, 7,86,6400)
INSERT [Receipt] (ID, Account_ID,Service_ID,Period_ID,Indication_of_counter) VALUES (69, 5, 8,86,126)
INSERT [Receipt] (ID, Account_ID,Service_ID,Period_ID,Indication_of_counter) VALUES (70,13, 8,86,35)
INSERT [Receipt] (ID, Account_ID,Service_ID,Period_ID,Indication_of_counter) VALUES (71,16, 8,86,21)
INSERT [Receipt] (ID, Account_ID,Service_ID,Period_ID,Indication_of_counter) VALUES (72, 5, 9,86,1)
INSERT [Receipt] (ID, Account_ID,Service_ID,Period_ID,Indication_of_counter) VALUES (73,13, 9,86,1)
INSERT [Receipt] (ID, Account_ID,Service_ID,Period_ID,Indication_of_counter) VALUES (74,16, 9,86,1)
INSERT [Receipt] (ID, Account_ID,Service_ID,Period_ID,Indication_of_counter) VALUES (75, 5,10,86,1)
INSERT [Receipt] (ID, Account_ID,Service_ID,Period_ID,Indication_of_counter) VALUES (76,13,10,86,1)
INSERT [Receipt] (ID, Account_ID,Service_ID,Period_ID,Indication_of_counter) VALUES (77,16,10,86,1)
INSERT [Receipt] (ID, Account_ID,Service_ID,Period_ID,Indication_of_counter) VALUES (78, 5, 1,87,4.7)
INSERT [Receipt] (ID, Account_ID,Service_ID,Period_ID,Indication_of_counter) VALUES (79,13, 1,87,3.2)
INSERT [Receipt] (ID, Account_ID,Service_ID,Period_ID,Indication_of_counter) VALUES (80,16, 1,87,2.4)
INSERT [Receipt] (ID, Account_ID,Service_ID,Period_ID,Indication_of_counter) VALUES (81, 5, 2,87,2.3)
INSERT [Receipt] (ID, Account_ID,Service_ID,Period_ID,Indication_of_counter) VALUES (82,13, 2,87,1.1)
INSERT [Receipt] (ID, Account_ID,Service_ID,Period_ID,Indication_of_counter) VALUES (83,16, 2,87,1.1)
INSERT [Receipt] (ID, Account_ID,Service_ID,Period_ID,Indication_of_counter) VALUES (84, 5, 3,87,2.0)
INSERT [Receipt] (ID, Account_ID,Service_ID,Period_ID,Indication_of_counter) VALUES (85,13, 3,87,1.7)
INSERT [Receipt] (ID, Account_ID,Service_ID,Period_ID,Indication_of_counter) VALUES (86,16, 3,87,2.2)
INSERT [Receipt] (ID, Account_ID,Service_ID,Period_ID,Indication_of_counter) VALUES (87, 5, 4,87,4.3)
INSERT [Receipt] (ID, Account_ID,Service_ID,Period_ID,Indication_of_counter) VALUES (88,13, 4,87,2.1)
INSERT [Receipt] (ID, Account_ID,Service_ID,Period_ID,Indication_of_counter) VALUES (89,16, 4,87,3.5)
INSERT [Receipt] (ID, Account_ID,Service_ID,Period_ID,Indication_of_counter) VALUES (90, 5, 5,87,1)
INSERT [Receipt] (ID, Account_ID,Service_ID,Period_ID,Indication_of_counter) VALUES (91,13, 5,87,1)
INSERT [Receipt] (ID, Account_ID,Service_ID,Period_ID,Indication_of_counter) VALUES (92,16, 5,87,1)
INSERT [Receipt] (ID, Account_ID,Service_ID,Period_ID,Indication_of_counter) VALUES (93, 5, 6,87,1)
INSERT [Receipt] (ID, Account_ID,Service_ID,Period_ID,Indication_of_counter) VALUES (94,13, 6,87,1)
INSERT [Receipt] (ID, Account_ID,Service_ID,Period_ID,Indication_of_counter) VALUES (95,16, 6,87,1)
INSERT [Receipt] (ID, Account_ID,Service_ID,Period_ID,Indication_of_counter) VALUES (96, 5, 7,87,8990)
INSERT [Receipt] (ID, Account_ID,Service_ID,Period_ID,Indication_of_counter) VALUES (97,13, 7,87,5730)
INSERT [Receipt] (ID, Account_ID,Service_ID,Period_ID,Indication_of_counter) VALUES (98,16, 7,87,6800)
INSERT [Receipt] (ID, Account_ID,Service_ID,Period_ID,Indication_of_counter) VALUES (99, 5, 8,87,136)
INSERT [Receipt] (ID, Account_ID,Service_ID,Period_ID,Indication_of_counter) VALUES (100,13, 8,87,44)
INSERT [Receipt] (ID, Account_ID,Service_ID,Period_ID,Indication_of_counter) VALUES (101,16, 8,87,35)
INSERT [Receipt] (ID, Account_ID,Service_ID,Period_ID,Indication_of_counter) VALUES (102, 5, 9,87,1)
INSERT [Receipt] (ID, Account_ID,Service_ID,Period_ID,Indication_of_counter) VALUES (103,13, 9,87,1)
INSERT [Receipt] (ID, Account_ID,Service_ID,Period_ID,Indication_of_counter) VALUES (104,16, 9,87,1)
INSERT [Receipt] (ID, Account_ID,Service_ID,Period_ID,Indication_of_counter) VALUES (105, 5,10,87,1)
INSERT [Receipt] (ID, Account_ID,Service_ID,Period_ID,Indication_of_counter) VALUES (106,13,10,87,1)
INSERT [Receipt] (ID, Account_ID,Service_ID,Period_ID,Indication_of_counter) VALUES (107,16,10,87,1)
SET IDENTITY_INSERT [Receipt] OFF

SET IDENTITY_INSERT [Payment] ON
INSERT [Payment] (ID,Receipt_ID,Type_of_payment,Date_of_payment,Paid) VALUES (  1,  1, 'онлайн','28-01-2006', 720.00)
INSERT [Payment] (ID,Receipt_ID,Type_of_payment,Date_of_payment,Paid) VALUES (  2,  2, 'онлайн','27-01-2006', 720.00)
INSERT [Payment] (ID,Receipt_ID,Type_of_payment,Date_of_payment,Paid) VALUES (  3,  3, 'банк',  '27-01-2006', 720.00)
INSERT [Payment] (ID,Receipt_ID,Type_of_payment,Date_of_payment,Paid) VALUES (  4,  4, 'онлайн','29-01-2006', 720.00)
INSERT [Payment] (ID,Receipt_ID,Type_of_payment,Date_of_payment,Paid) VALUES (  5,  5, 'онлайн','30-01-2006', 720.00)
INSERT [Payment] (ID,Receipt_ID,Type_of_payment,Date_of_payment,Paid) VALUES (  6,  6, 'банк',  '31-01-2006', 720.00)
INSERT [Payment] (ID,Receipt_ID,Type_of_payment,Date_of_payment,Paid) VALUES (  7,  7, 'онлайн','28-01-2006', 720.00)
INSERT [Payment] (ID,Receipt_ID,Type_of_payment,Date_of_payment,Paid) VALUES (  8,  8, 'банк',  '28-01-2006', 720.00)
INSERT [Payment] (ID,Receipt_ID,Type_of_payment,Date_of_payment,Paid) VALUES (  9,  9, 'онлайн','27-01-2006', 720.00)
INSERT [Payment] (ID,Receipt_ID,Type_of_payment,Date_of_payment,Paid) VALUES ( 10, 10, 'онлайн','29-01-2006', 720.00)
INSERT [Payment] (ID,Receipt_ID,Type_of_payment,Date_of_payment,Paid) VALUES ( 11, 11, 'банк',  '30-01-2006', 720.00)
INSERT [Payment] (ID,Receipt_ID,Type_of_payment,Date_of_payment,Paid) VALUES ( 12, 12, 'банк',  '28-01-2006', 720.00)
INSERT [Payment] (ID,Receipt_ID,Type_of_payment,Date_of_payment,Paid) VALUES ( 13, 13, 'банк',  '30-01-2006', 720.00)
INSERT [Payment] (ID,Receipt_ID,Type_of_payment,Date_of_payment,Paid) VALUES ( 14, 14, 'онлайн','28-01-2006', 720.00)
INSERT [Payment] (ID,Receipt_ID,Type_of_payment,Date_of_payment,Paid) VALUES ( 15, 15, 'онлайн','27-01-2006', 720.00)
INSERT [Payment] (ID,Receipt_ID,Type_of_payment,Date_of_payment,Paid) VALUES ( 16, 16, 'онлайн','28-01-2006', 720.00)
INSERT [Payment] (ID,Receipt_ID,Type_of_payment,Date_of_payment,Paid) VALUES ( 17, 17, 'банк',  '29-01-2006', 720.00)
INSERT [Payment] (ID,Receipt_ID,Type_of_payment,Date_of_payment,Paid) VALUES ( 18, 18, 'онлайн','26-01-2006', 720.00)
INSERT [Payment] (ID,Receipt_ID,Type_of_payment,Date_of_payment,Paid) VALUES ( 19, 19, 'банк',  '28-01-2006', 720.00)
INSERT [Payment] (ID,Receipt_ID,Type_of_payment,Date_of_payment,Paid) VALUES ( 20, 20, 'онлайн','31-01-2006', 720.00)
INSERT [Payment] (ID,Receipt_ID,Type_of_payment,Date_of_payment,Paid) VALUES ( 21, 21, 'онлайн','31-01-2006', 270.00)
INSERT [Payment] (ID,Receipt_ID,Type_of_payment,Date_of_payment,Paid) VALUES ( 22, 22, 'онлайн','31-01-2006', 270.00)
INSERT [Payment] (ID,Receipt_ID,Type_of_payment,Date_of_payment,Paid) VALUES ( 23, 23, 'онлайн','31-01-2006', 270.00)
INSERT [Payment] (ID,Receipt_ID,Type_of_payment,Date_of_payment,Paid) VALUES ( 24, 24, 'онлайн','31-01-2006', 180.00)
INSERT [Payment] (ID,Receipt_ID,Type_of_payment,Date_of_payment,Paid) VALUES ( 25, 25, 'онлайн','31-01-2006', 180.00)
INSERT [Payment] (ID,Receipt_ID,Type_of_payment,Date_of_payment,Paid) VALUES ( 26, 26, 'онлайн','31-01-2006', 180.00)
INSERT [Payment] (ID,Receipt_ID,Type_of_payment,Date_of_payment,Paid) VALUES ( 27, 27, 'онлайн','31-01-2006', 450.00)
INSERT [Payment] (ID,Receipt_ID,Type_of_payment,Date_of_payment,Paid) VALUES ( 28, 28, 'онлайн','31-01-2006', 320.00)
INSERT [Payment] (ID,Receipt_ID,Type_of_payment,Date_of_payment,Paid) VALUES ( 29, 29, 'онлайн','31-01-2006', 234.00)
INSERT [Payment] (ID,Receipt_ID,Type_of_payment,Date_of_payment,Paid) VALUES ( 30, 30, 'онлайн','31-01-2006', 472.50)
INSERT [Payment] (ID,Receipt_ID,Type_of_payment,Date_of_payment,Paid) VALUES ( 31, 31, 'онлайн','31-01-2006', 270.00)
INSERT [Payment] (ID,Receipt_ID,Type_of_payment,Date_of_payment,Paid) VALUES ( 32, 32, 'онлайн','31-01-2006', 360.00)
INSERT [Payment] (ID,Receipt_ID,Type_of_payment,Date_of_payment,Paid) VALUES ( 33, 33, 'онлайн','31-01-2006', 280.80)
INSERT [Payment] (ID,Receipt_ID,Type_of_payment,Date_of_payment,Paid) VALUES ( 34, 34, 'онлайн','31-01-2006', 216.00)
INSERT [Payment] (ID,Receipt_ID,Type_of_payment,Date_of_payment,Paid) VALUES ( 35, 35, 'онлайн','31-01-2006', 226.80)
INSERT [Payment] (ID,Receipt_ID,Type_of_payment,Date_of_payment,Paid) VALUES ( 36, 36, 'онлайн','31-01-2006', 642.60)
INSERT [Payment] (ID,Receipt_ID,Type_of_payment,Date_of_payment,Paid) VALUES ( 37, 37, 'онлайн','31-01-2006', 629.00)
INSERT [Payment] (ID,Receipt_ID,Type_of_payment,Date_of_payment,Paid) VALUES ( 38, 38, 'онлайн','31-01-2006', 627.30)
INSERT [Payment] (ID,Receipt_ID,Type_of_payment,Date_of_payment,Paid) VALUES ( 39, 39, 'онлайн','31-01-2006', 243.54)
INSERT [Payment] (ID,Receipt_ID,Type_of_payment,Date_of_payment,Paid) VALUES ( 40, 40, 'онлайн','31-01-2006', 243.54)
INSERT [Payment] (ID,Receipt_ID,Type_of_payment,Date_of_payment,Paid) VALUES ( 41, 41, 'онлайн','31-01-2006', 243.54)
INSERT [Payment] (ID,Receipt_ID,Type_of_payment,Date_of_payment,Paid) VALUES ( 42, 42, 'онлайн','31-01-2006', 266.54)
INSERT [Payment] (ID,Receipt_ID,Type_of_payment,Date_of_payment,Paid) VALUES ( 43, 43, 'онлайн','31-01-2006', 196.20)
INSERT [Payment] (ID,Receipt_ID,Type_of_payment,Date_of_payment,Paid) VALUES ( 44, 44, 'онлайн','31-01-2006', 210.60)
INSERT [Payment] (ID,Receipt_ID,Type_of_payment,Date_of_payment,Paid) VALUES ( 45, 45, 'онлайн','31-01-2006', 684.00)
INSERT [Payment] (ID,Receipt_ID,Type_of_payment,Date_of_payment,Paid) VALUES ( 46, 46, 'онлайн','31-01-2006', 205.00)
INSERT [Payment] (ID,Receipt_ID,Type_of_payment,Date_of_payment,Paid) VALUES ( 47, 47, 'онлайн','31-01-2006', 166.50)
INSERT [Payment] (ID,Receipt_ID,Type_of_payment,Date_of_payment,Paid) VALUES ( 48, 48, 'онлайн','27-02-2006', 477.00)
INSERT [Payment] (ID,Receipt_ID,Type_of_payment,Date_of_payment,Paid) VALUES ( 49, 49, 'онлайн','27-02-2006', 360.00)
INSERT [Payment] (ID,Receipt_ID,Type_of_payment,Date_of_payment,Paid) VALUES ( 50, 50, 'онлайн','27-02-2006', 252.00)
INSERT [Payment] (ID,Receipt_ID,Type_of_payment,Date_of_payment,Paid) VALUES ( 51, 51, 'онлайн','27-02-2006', 540.00)
INSERT [Payment] (ID,Receipt_ID,Type_of_payment,Date_of_payment,Paid) VALUES ( 52, 52, 'онлайн','27-02-2006', 325.00)
INSERT [Payment] (ID,Receipt_ID,Type_of_payment,Date_of_payment,Paid) VALUES ( 53, 53, 'онлайн','27-02-2006', 270.00)
INSERT [Payment] (ID,Receipt_ID,Type_of_payment,Date_of_payment,Paid) VALUES ( 54, 54, 'онлайн','27-02-2006', 248.40)
INSERT [Payment] (ID,Receipt_ID,Type_of_payment,Date_of_payment,Paid) VALUES ( 55, 55, 'онлайн','27-02-2006', 192.00)
INSERT [Payment] (ID,Receipt_ID,Type_of_payment,Date_of_payment,Paid) VALUES ( 56, 56, 'онлайн','27-02-2006', 216.00)
INSERT [Payment] (ID,Receipt_ID,Type_of_payment,Date_of_payment,Paid) VALUES ( 57, 57, 'онлайн','27-02-2006', 673.20)
INSERT [Payment] (ID,Receipt_ID,Type_of_payment,Date_of_payment,Paid) VALUES ( 58, 58, 'онлайн','27-02-2006', 459.00)
INSERT [Payment] (ID,Receipt_ID,Type_of_payment,Date_of_payment,Paid) VALUES ( 59, 59, 'онлайн','27-02-2006', 474.30)
INSERT [Payment] (ID,Receipt_ID,Type_of_payment,Date_of_payment,Paid) VALUES ( 60, 60, 'онлайн','27-02-2006', 243.54)
INSERT [Payment] (ID,Receipt_ID,Type_of_payment,Date_of_payment,Paid) VALUES ( 61, 61, 'онлайн','27-02-2006', 243.54)
INSERT [Payment] (ID,Receipt_ID,Type_of_payment,Date_of_payment,Paid) VALUES ( 62, 62, 'онлайн','27-02-2006', 243.54)
INSERT [Payment] (ID,Receipt_ID,Type_of_payment,Date_of_payment,Paid) VALUES ( 63, 63, 'онлайн','27-02-2006', 720.00)
INSERT [Payment] (ID,Receipt_ID,Type_of_payment,Date_of_payment,Paid) VALUES ( 64, 64, 'онлайн','27-02-2006', 720.00)
INSERT [Payment] (ID,Receipt_ID,Type_of_payment,Date_of_payment,Paid) VALUES ( 65, 65, 'онлайн','27-02-2006', 720.00)
INSERT [Payment] (ID,Receipt_ID,Type_of_payment,Date_of_payment,Paid) VALUES ( 66, 66, 'онлайн','27-02-2006', 213.03)
INSERT [Payment] (ID,Receipt_ID,Type_of_payment,Date_of_payment,Paid) VALUES ( 67, 67, 'онлайн','27-02-2006', 162.60)
INSERT [Payment] (ID,Receipt_ID,Type_of_payment,Date_of_payment,Paid) VALUES ( 68, 68, 'онлайн','27-02-2006', 172.80)
INSERT [Payment] (ID,Receipt_ID,Type_of_payment,Date_of_payment,Paid) VALUES ( 69, 69, 'онлайн','27-02-2006', 567.00)
INSERT [Payment] (ID,Receipt_ID,Type_of_payment,Date_of_payment,Paid) VALUES ( 70, 70, 'онлайн','27-02-2006', 157.50)
INSERT [Payment] (ID,Receipt_ID,Type_of_payment,Date_of_payment,Paid) VALUES ( 71, 71, 'онлайн','27-02-2006', 94.50)
INSERT [Payment] (ID,Receipt_ID,Type_of_payment,Date_of_payment,Paid) VALUES ( 72, 72, 'онлайн','27-02-2006', 180.00)
INSERT [Payment] (ID,Receipt_ID,Type_of_payment,Date_of_payment,Paid) VALUES ( 73, 73, 'онлайн','27-02-2006', 180.00)
INSERT [Payment] (ID,Receipt_ID,Type_of_payment,Date_of_payment,Paid) VALUES ( 74, 74, 'онлайн','27-02-2006', 180.00)
INSERT [Payment] (ID,Receipt_ID,Type_of_payment,Date_of_payment,Paid) VALUES ( 75, 75, 'онлайн','27-02-2006', 270.00)
INSERT [Payment] (ID,Receipt_ID,Type_of_payment,Date_of_payment,Paid) VALUES ( 76, 76, 'онлайн','27-02-2006', 270.00)
INSERT [Payment] (ID,Receipt_ID,Type_of_payment,Date_of_payment,Paid) VALUES ( 77, 77, 'онлайн','27-02-2006', 270.00)
INSERT [Payment] (ID,Receipt_ID,Type_of_payment,Date_of_payment,Paid) VALUES ( 78, 78, 'онлайн','30-03-2006', 423.00)
INSERT [Payment] (ID,Receipt_ID,Type_of_payment,Date_of_payment,Paid) VALUES ( 79, 79, 'онлайн','30-03-2006', 320.00)
INSERT [Payment] (ID,Receipt_ID,Type_of_payment,Date_of_payment,Paid) VALUES ( 80, 80, 'онлайн','30-03-2006', 216.00)
INSERT [Payment] (ID,Receipt_ID,Type_of_payment,Date_of_payment,Paid) VALUES ( 81, 81, 'онлайн','30-03-2006', 517.50)
INSERT [Payment] (ID,Receipt_ID,Type_of_payment,Date_of_payment,Paid) VALUES ( 82, 82, 'онлайн','30-03-2006', 247.50)
INSERT [Payment] (ID,Receipt_ID,Type_of_payment,Date_of_payment,Paid) VALUES ( 83, 83, 'онлайн','30-03-2006', 247.50)
INSERT [Payment] (ID,Receipt_ID,Type_of_payment,Date_of_payment,Paid) VALUES ( 84, 84, 'онлайн','30-03-2006', 216.00)
INSERT [Payment] (ID,Receipt_ID,Type_of_payment,Date_of_payment,Paid) VALUES ( 85, 85, 'онлайн','30-03-2006', 204.00)
INSERT [Payment] (ID,Receipt_ID,Type_of_payment,Date_of_payment,Paid) VALUES ( 86, 86, 'онлайн','30-03-2006', 237.60)
INSERT [Payment] (ID,Receipt_ID,Type_of_payment,Date_of_payment,Paid) VALUES ( 87, 87, 'онлайн','30-03-2006', 657.90)
INSERT [Payment] (ID,Receipt_ID,Type_of_payment,Date_of_payment,Paid) VALUES ( 88, 88, 'онлайн','30-03-2006', 357.00)
INSERT [Payment] (ID,Receipt_ID,Type_of_payment,Date_of_payment,Paid) VALUES ( 89, 89, 'онлайн','30-03-2006', 535.50)
INSERT [Payment] (ID,Receipt_ID,Type_of_payment,Date_of_payment,Paid) VALUES ( 90, 90, 'онлайн','30-03-2006', 243.54)
INSERT [Payment] (ID,Receipt_ID,Type_of_payment,Date_of_payment,Paid) VALUES ( 91, 91, 'онлайн','30-03-2006', 243.54)
INSERT [Payment] (ID,Receipt_ID,Type_of_payment,Date_of_payment,Paid) VALUES ( 92, 92, 'онлайн','30-03-2006', 243.54)
INSERT [Payment] (ID,Receipt_ID,Type_of_payment,Date_of_payment,Paid) VALUES ( 93, 93, 'онлайн','30-03-2006', 720.00)
INSERT [Payment] (ID,Receipt_ID,Type_of_payment,Date_of_payment,Paid) VALUES ( 94, 94, 'онлайн','30-03-2006', 720.00)
INSERT [Payment] (ID,Receipt_ID,Type_of_payment,Date_of_payment,Paid) VALUES ( 95, 95, 'онлайн','30-03-2006', 720.00)
INSERT [Payment] (ID,Receipt_ID,Type_of_payment,Date_of_payment,Paid) VALUES ( 96, 96, 'онлайн','30-03-2006', 242.73)
INSERT [Payment] (ID,Receipt_ID,Type_of_payment,Date_of_payment,Paid) VALUES ( 97, 97, 'онлайн','30-03-2006', 171.90)
INSERT [Payment] (ID,Receipt_ID,Type_of_payment,Date_of_payment,Paid) VALUES ( 98, 98, 'онлайн','30-03-2006', 183.60)
INSERT [Payment] (ID,Receipt_ID,Type_of_payment,Date_of_payment,Paid) VALUES ( 99, 99, 'онлайн','30-03-2006', 612.00)
INSERT [Payment] (ID,Receipt_ID,Type_of_payment,Date_of_payment,Paid) VALUES (100,100, 'онлайн','30-03-2006', 220.00)
INSERT [Payment] (ID,Receipt_ID,Type_of_payment,Date_of_payment,Paid) VALUES (101,101, 'онлайн','30-03-2006', 157.50)
INSERT [Payment] (ID,Receipt_ID,Type_of_payment,Date_of_payment,Paid) VALUES (102,102, 'онлайн','30-03-2006', 180.00)
INSERT [Payment] (ID,Receipt_ID,Type_of_payment,Date_of_payment,Paid) VALUES (103,103, 'онлайн','30-03-2006', 180.00)
INSERT [Payment] (ID,Receipt_ID,Type_of_payment,Date_of_payment,Paid) VALUES (104,104, 'онлайн','30-03-2006', 180.00)
INSERT [Payment] (ID,Receipt_ID,Type_of_payment,Date_of_payment,Paid) VALUES (105,105, 'онлайн','30-03-2006', 270.00)
INSERT [Payment] (ID,Receipt_ID,Type_of_payment,Date_of_payment,Paid) VALUES (106,106, 'онлайн','30-03-2006', 270.00)
INSERT [Payment] (ID,Receipt_ID,Type_of_payment,Date_of_payment,Paid) VALUES (107,107, 'онлайн','30-03-2006', 270.00)
SET IDENTITY_INSERT [Payment] OFF

INSERT [Report] (Payment_ID,Overpaid,Underpaid,Monetary_account) VALUES (1,0,0,1)
INSERT [Report] (Payment_ID,Overpaid,Underpaid,Monetary_account) VALUES (2,0,0,2)
INSERT [Report] (Payment_ID,Overpaid,Underpaid,Monetary_account) VALUES (3,0,0,3)
INSERT [Report] (Payment_ID,Overpaid,Underpaid,Monetary_account) VALUES (4,0,0,4)
INSERT [Report] (Payment_ID,Overpaid,Underpaid,Monetary_account) VALUES (5,0,0,5)
INSERT [Report] (Payment_ID,Overpaid,Underpaid,Monetary_account) VALUES (6,0,0,6)
INSERT [Report] (Payment_ID,Overpaid,Underpaid,Monetary_account) VALUES (7,0,0,7)
INSERT [Report] (Payment_ID,Overpaid,Underpaid,Monetary_account) VALUES (8,0,0,8)
INSERT [Report] (Payment_ID,Overpaid,Underpaid,Monetary_account) VALUES (9,0,0,9)
INSERT [Report] (Payment_ID,Overpaid,Underpaid,Monetary_account) VALUES (10,0,0,10)
INSERT [Report] (Payment_ID,Overpaid,Underpaid,Monetary_account) VALUES (11,0,0,11)
INSERT [Report] (Payment_ID,Overpaid,Underpaid,Monetary_account) VALUES (12,0,0,12)
INSERT [Report] (Payment_ID,Overpaid,Underpaid,Monetary_account) VALUES (13,0,0,13)
INSERT [Report] (Payment_ID,Overpaid,Underpaid,Monetary_account) VALUES (14,0,0,14)
INSERT [Report] (Payment_ID,Overpaid,Underpaid,Monetary_account) VALUES (15,0,0,15)
INSERT [Report] (Payment_ID,Overpaid,Underpaid,Monetary_account) VALUES (16,0,0,16)
INSERT [Report] (Payment_ID,Overpaid,Underpaid,Monetary_account) VALUES (17,0,0,17)
INSERT [Report] (Payment_ID,Overpaid,Underpaid,Monetary_account) VALUES (18,0,0,18)
INSERT [Report] (Payment_ID,Overpaid,Underpaid,Monetary_account) VALUES (19,0,0,19)
INSERT [Report] (Payment_ID,Overpaid,Underpaid,Monetary_account) VALUES (20,0,0,20)

SET IDENTITY_INSERT [Debt] ON
INSERT [Debt] (ID,Account_ID,Service_ID,Underpaid,Period_ID,Status_of_debt,Penalty_fee) VALUES ( 1, 1,10,300,85,0,10)
INSERT [Debt] (ID,Account_ID,Service_ID,Underpaid,Period_ID,Status_of_debt,Penalty_fee) VALUES ( 2, 2,10,300,85,0,10)
INSERT [Debt] (ID,Account_ID,Service_ID,Underpaid,Period_ID,Status_of_debt,Penalty_fee) VALUES ( 3, 3,10,300,85,0,10)
INSERT [Debt] (ID,Account_ID,Service_ID,Underpaid,Period_ID,Status_of_debt,Penalty_fee) VALUES ( 4, 4,10,300,85,1,10)
INSERT [Debt] (ID,Account_ID,Service_ID,Underpaid,Period_ID,Status_of_debt,Penalty_fee) VALUES ( 5, 5,10,300,85,0,10)
INSERT [Debt] (ID,Account_ID,Service_ID,Underpaid,Period_ID,Status_of_debt,Penalty_fee) VALUES ( 6, 6,10,300,85,1,10)
INSERT [Debt] (ID,Account_ID,Service_ID,Underpaid,Period_ID,Status_of_debt,Penalty_fee) VALUES ( 7, 7,10,300,85,0,10)
INSERT [Debt] (ID,Account_ID,Service_ID,Underpaid,Period_ID,Status_of_debt,Penalty_fee) VALUES ( 8, 8,10,300,85,0,10)
INSERT [Debt] (ID,Account_ID,Service_ID,Underpaid,Period_ID,Status_of_debt,Penalty_fee) VALUES ( 9, 9,10,300,85,0,10)
INSERT [Debt] (ID,Account_ID,Service_ID,Underpaid,Period_ID,Status_of_debt,Penalty_fee) VALUES (10,10,10,300,85,1,10)
INSERT [Debt] (ID,Account_ID,Service_ID,Underpaid,Period_ID,Status_of_debt,Penalty_fee) VALUES (11,11,10,300,85,0,10)
INSERT [Debt] (ID,Account_ID,Service_ID,Underpaid,Period_ID,Status_of_debt,Penalty_fee) VALUES (12,12,10,300,85,0,10)
INSERT [Debt] (ID,Account_ID,Service_ID,Underpaid,Period_ID,Status_of_debt,Penalty_fee) VALUES (13,13,10,300,85,0,10)
INSERT [Debt] (ID,Account_ID,Service_ID,Underpaid,Period_ID,Status_of_debt,Penalty_fee) VALUES (14,14,10,300,85,0,10)
INSERT [Debt] (ID,Account_ID,Service_ID,Underpaid,Period_ID,Status_of_debt,Penalty_fee) VALUES (15,15,10,300,85,0,10)
INSERT [Debt] (ID,Account_ID,Service_ID,Underpaid,Period_ID,Status_of_debt,Penalty_fee) VALUES (16,16,10,300,85,0,10)
INSERT [Debt] (ID,Account_ID,Service_ID,Underpaid,Period_ID,Status_of_debt,Penalty_fee) VALUES (17,17,10,300,85,0,10)
INSERT [Debt] (ID,Account_ID,Service_ID,Underpaid,Period_ID,Status_of_debt,Penalty_fee) VALUES (18,18,10,300,85,0,10)
INSERT [Debt] (ID,Account_ID,Service_ID,Underpaid,Period_ID,Status_of_debt,Penalty_fee) VALUES (19,19,10,300,85,0,10)
INSERT [Debt] (ID,Account_ID,Service_ID,Underpaid,Period_ID,Status_of_debt,Penalty_fee) VALUES (20,20,10,300,85,0,10)
SET IDENTITY_INSERT [Debt] OFF

SET IDENTITY_INSERT [Debt_payment] ON
INSERT [Debt_payment] (ID,Debt_ID,Type_of_payment,Repayment_date,Repayment_sum) VALUES (1,1,'онлайн','01-02-2006',310)
INSERT [Debt_payment] (ID,Debt_ID,Type_of_payment,Repayment_date,Repayment_sum) VALUES (2,2,'банк','02-02-2006',310)
INSERT [Debt_payment] (ID,Debt_ID,Type_of_payment,Repayment_date,Repayment_sum) VALUES (3,3,'онлайн','03-02-2006',310)
INSERT [Debt_payment] (ID,Debt_ID,Type_of_payment,Repayment_date,Repayment_sum) VALUES (4,4,'банк','01-02-2006',300)
INSERT [Debt_payment] (ID,Debt_ID,Type_of_payment,Repayment_date,Repayment_sum) VALUES (5,5,'онлайн','01-02-2006',310)
INSERT [Debt_payment] (ID,Debt_ID,Type_of_payment,Repayment_date,Repayment_sum) VALUES (6,6,'банк','02-02-2006',100)
INSERT [Debt_payment] (ID,Debt_ID,Type_of_payment,Repayment_date,Repayment_sum) VALUES (7,7,'банк','02-02-2006',310)
INSERT [Debt_payment] (ID,Debt_ID,Type_of_payment,Repayment_date,Repayment_sum) VALUES (8,8,'онлайн','04-02-2006',310)
INSERT [Debt_payment] (ID,Debt_ID,Type_of_payment,Repayment_date,Repayment_sum) VALUES (9,9,'онлайн','02-02-2006',310)
INSERT [Debt_payment] (ID,Debt_ID,Type_of_payment,Repayment_date,Repayment_sum) VALUES (10,10,'банк','01-02-2006',200)
INSERT [Debt_payment] (ID,Debt_ID,Type_of_payment,Repayment_date,Repayment_sum) VALUES (11,11,'онлайн','03-02-2006',310)
INSERT [Debt_payment] (ID,Debt_ID,Type_of_payment,Repayment_date,Repayment_sum) VALUES (12,12,'банк','06-02-2006',310)
INSERT [Debt_payment] (ID,Debt_ID,Type_of_payment,Repayment_date,Repayment_sum) VALUES (13,13,'онлайн','07-02-2006',310)
INSERT [Debt_payment] (ID,Debt_ID,Type_of_payment,Repayment_date,Repayment_sum) VALUES (14,14,'онлайн','02-02-2006',310)
INSERT [Debt_payment] (ID,Debt_ID,Type_of_payment,Repayment_date,Repayment_sum) VALUES (15,15,'банк','01-02-2006',310)
INSERT [Debt_payment] (ID,Debt_ID,Type_of_payment,Repayment_date,Repayment_sum) VALUES (16,16,'онлайн','01-02-2006',310)
INSERT [Debt_payment] (ID,Debt_ID,Type_of_payment,Repayment_date,Repayment_sum) VALUES (17,17,'онлайн','05-02-2006',310)
INSERT [Debt_payment] (ID,Debt_ID,Type_of_payment,Repayment_date,Repayment_sum) VALUES (18,18,'банк','01-02-2006',310)
INSERT [Debt_payment] (ID,Debt_ID,Type_of_payment,Repayment_date,Repayment_sum) VALUES (19,19,'онлайн','01-02-2006',310)
INSERT [Debt_payment] (ID,Debt_ID,Type_of_payment,Repayment_date,Repayment_sum) VALUES (20,20,'онлайн','01-02-2006',310)
SET IDENTITY_INSERT [Debt_payment] OFF

INSERT [Debt_report] (ID_of_debt, Debt_payment_ID, Monetary_account) VALUES ( 1, 1,1)
INSERT [Debt_report] (ID_of_debt, Debt_payment_ID, Monetary_account) VALUES ( 2, 2,2)
INSERT [Debt_report] (ID_of_debt, Debt_payment_ID, Monetary_account) VALUES ( 3, 3,3)
INSERT [Debt_report] (ID_of_debt, Debt_payment_ID, Monetary_account) VALUES ( 4, 4,4)
INSERT [Debt_report] (ID_of_debt, Debt_payment_ID, Monetary_account) VALUES ( 5, 5,5)
INSERT [Debt_report] (ID_of_debt, Debt_payment_ID, Monetary_account) VALUES ( 6, 6,6)
INSERT [Debt_report] (ID_of_debt, Debt_payment_ID, Monetary_account) VALUES ( 7, 7,7)
INSERT [Debt_report] (ID_of_debt, Debt_payment_ID, Monetary_account) VALUES ( 8, 8,8)
INSERT [Debt_report] (ID_of_debt, Debt_payment_ID, Monetary_account) VALUES ( 9, 9,9)
INSERT [Debt_report] (ID_of_debt, Debt_payment_ID, Monetary_account) VALUES (10,10,10)
INSERT [Debt_report] (ID_of_debt, Debt_payment_ID, Monetary_account) VALUES (11,11,11)
INSERT [Debt_report] (ID_of_debt, Debt_payment_ID, Monetary_account) VALUES (12,12,12)
INSERT [Debt_report] (ID_of_debt, Debt_payment_ID, Monetary_account) VALUES (13,13,13)
INSERT [Debt_report] (ID_of_debt, Debt_payment_ID, Monetary_account) VALUES (14,14,14)
INSERT [Debt_report] (ID_of_debt, Debt_payment_ID, Monetary_account) VALUES (15,15,15)
INSERT [Debt_report] (ID_of_debt, Debt_payment_ID, Monetary_account) VALUES (16,16,16)
INSERT [Debt_report] (ID_of_debt, Debt_payment_ID, Monetary_account) VALUES (17,17,17)
INSERT [Debt_report] (ID_of_debt, Debt_payment_ID, Monetary_account) VALUES (18,18,18)
INSERT [Debt_report] (ID_of_debt, Debt_payment_ID, Monetary_account) VALUES (19,19,19)
INSERT [Debt_report] (ID_of_debt, Debt_payment_ID, Monetary_account) VALUES (20,20,20)
